"Action","FormID","ItemID","ColumnID","FMSAction","QueryName","QueryCategory","QueryBody","FixedValue","Refresh","ByField","TriggerID","TriggerColumn","ForceRefresh"
"UPSERT","143","38","15","Q","FMS_DisAmount","-1","SELECT CASE     WHEN CAST(ISNULL(NULLIF('$[$38.U_SLD_T_BeDis.NUMBER]',''),'0') AS numeric(19,6)) = 0 THEN 0    ELSE         CAST(ISNULL(NULLIF('$[$38.U_SLD_Dis_Sum.NUMBER]',''),'0') AS numeric(19,6))        / NULLIF(CAST(ISNULL(NULLIF('$[$38.U_SLD_T_BeDis.NUMBER]',''),'0') AS numeric(19,6)), 0)        * 100END","","Y","N","U_SLD_T_BeDis","","N"
"UPSERT","143","38","15","Q","FMS_DisAmount","-1","SELECT CASE     WHEN CAST(ISNULL(NULLIF('$[$38.U_SLD_T_BeDis.NUMBER]',''),'0') AS numeric(19,6)) = 0 THEN 0    ELSE         CAST(ISNULL(NULLIF('$[$38.U_SLD_Dis_Sum.NUMBER]',''),'0') AS numeric(19,6))        / NULLIF(CAST(ISNULL(NULLIF('$[$38.U_SLD_T_BeDis.NUMBER]',''),'0') AS numeric(19,6)), 0)        * 100END","","Y","N","U_SLD_Dis_Sum","","N"
"UPSERT","143","38","20","F","","","","","N","C","","","N"
"UPSERT","143","38","21","F","","","","","N","N","","","N"
"UPSERT","143","38","U_SLD_Dis_Amount","Q","FMS_ToUnit","-1","SELECT CASE     WHEN CAST(ISNULL(NULLIF('$[$38.11.NUMBER]',''),'0') AS numeric(19,6)) = 0 THEN 0    ELSE         CAST(ISNULL(NULLIF('$[$38.U_SLD_Dis_Sum.NUMBER]',''),'0') AS numeric(19,6))        / NULLIF(CAST(ISNULL(NULLIF('$[$38.11.NUMBER]',''),'0') AS numeric(19,6)), 0)END","","Y","N","U_SLD_Dis_Sum","","N"
"UPSERT","143","38","U_SLD_Dis_Amount","Q","FMS_ToUnit","-1","SELECT CASE     WHEN CAST(ISNULL(NULLIF('$[$38.11.NUMBER]',''),'0') AS numeric(19,6)) = 0 THEN 0    ELSE         CAST(ISNULL(NULLIF('$[$38.U_SLD_Dis_Sum.NUMBER]',''),'0') AS numeric(19,6))        / NULLIF(CAST(ISNULL(NULLIF('$[$38.11.NUMBER]',''),'0') AS numeric(19,6)), 0)END","","Y","N","11","","N"
"UPSERT","143","38","U_SLD_Dis_Sum","Q","FMS_ToSum","-1","SELECT     CAST(ISNULL(NULLIF('$[$38.U_SLD_Dis_Amount.NUMBER]',''),'0') AS numeric(19,6))    * CAST(ISNULL(NULLIF('$[$38.11.NUMBER]',''),'0') AS numeric(19,6))","","Y","N","U_SLD_Dis_Amount","","N"
"UPSERT","143","38","U_SLD_Dis_Sum","Q","FMS_ToSum","-1","SELECT     CAST(ISNULL(NULLIF('$[$38.U_SLD_Dis_Amount.NUMBER]',''),'0') AS numeric(19,6))    * CAST(ISNULL(NULLIF('$[$38.11.NUMBER]',''),'0') AS numeric(19,6))","","Y","N","11","","N"
"UPSERT","143","38","U_SLD_T_BeDis","Q","FMS_Price_Total","-1","SELECT CAST($[$38.11.NUMBER] AS numeric(19,6)) * (CAST($[$38.14.NUMBER] AS numeric(19,6)))","","Y","N","11","","N"
"UPSERT","143","38","U_SLD_T_BeDis","Q","FMS_Price_Total","-1","SELECT CAST($[$38.11.NUMBER] AS numeric(19,6)) * (CAST($[$38.14.NUMBER] AS numeric(19,6)))","","Y","N","14","","N"
"UPSERT","143","38","U_SLD_T_BeDis","Q","FMS_Price_Total","-1","SELECT CAST($[$38.11.NUMBER] AS numeric(19,6)) * (CAST($[$38.14.NUMBER] AS numeric(19,6)))","","Y","N","20","","N"
"UPSERT","139","38","15","Q","FMS_DisAmount","-1","SELECT CASE     WHEN CAST(ISNULL(NULLIF('$[$38.U_SLD_T_BeDis.NUMBER]',''),'0') AS numeric(19,6)) = 0 THEN 0    ELSE         CAST(ISNULL(NULLIF('$[$38.U_SLD_Dis_Sum.NUMBER]',''),'0') AS numeric(19,6))        / NULLIF(CAST(ISNULL(NULLIF('$[$38.U_SLD_T_BeDis.NUMBER]',''),'0') AS numeric(19,6)), 0)        * 100END","","Y","N","U_SLD_T_BeDis","","N"
"UPSERT","139","38","15","Q","FMS_DisAmount","-1","SELECT CASE     WHEN CAST(ISNULL(NULLIF('$[$38.U_SLD_T_BeDis.NUMBER]',''),'0') AS numeric(19,6)) = 0 THEN 0    ELSE         CAST(ISNULL(NULLIF('$[$38.U_SLD_Dis_Sum.NUMBER]',''),'0') AS numeric(19,6))        / NULLIF(CAST(ISNULL(NULLIF('$[$38.U_SLD_T_BeDis.NUMBER]',''),'0') AS numeric(19,6)), 0)        * 100END","","Y","N","U_SLD_Dis_Sum","","N"
"UPSERT","139","38","20","F","","","","","N","C","","","N"
"UPSERT","139","38","21","F","","","","","N","N","","","N"
"UPSERT","139","38","U_SLD_Dis_Amount","Q","FMS_ToUnit","-1","SELECT CASE     WHEN CAST(ISNULL(NULLIF('$[$38.11.NUMBER]',''),'0') AS numeric(19,6)) = 0 THEN 0    ELSE         CAST(ISNULL(NULLIF('$[$38.U_SLD_Dis_Sum.NUMBER]',''),'0') AS numeric(19,6))        / NULLIF(CAST(ISNULL(NULLIF('$[$38.11.NUMBER]',''),'0') AS numeric(19,6)), 0)END","","Y","N","U_SLD_Dis_Sum","","N"
"UPSERT","139","38","U_SLD_Dis_Amount","Q","FMS_ToUnit","-1","SELECT CASE     WHEN CAST(ISNULL(NULLIF('$[$38.11.NUMBER]',''),'0') AS numeric(19,6)) = 0 THEN 0    ELSE         CAST(ISNULL(NULLIF('$[$38.U_SLD_Dis_Sum.NUMBER]',''),'0') AS numeric(19,6))        / NULLIF(CAST(ISNULL(NULLIF('$[$38.11.NUMBER]',''),'0') AS numeric(19,6)), 0)END","","Y","N","11","","N"
"UPSERT","139","38","U_SLD_Dis_Sum","Q","FMS_ToSum","-1","SELECT     CAST(ISNULL(NULLIF('$[$38.U_SLD_Dis_Amount.NUMBER]',''),'0') AS numeric(19,6))    * CAST(ISNULL(NULLIF('$[$38.11.NUMBER]',''),'0') AS numeric(19,6))","","Y","N","U_SLD_Dis_Amount","","N"
"UPSERT","139","38","U_SLD_Dis_Sum","Q","FMS_ToSum","-1","SELECT     CAST(ISNULL(NULLIF('$[$38.U_SLD_Dis_Amount.NUMBER]',''),'0') AS numeric(19,6))    * CAST(ISNULL(NULLIF('$[$38.11.NUMBER]',''),'0') AS numeric(19,6))","","Y","N","11","","N"
"UPSERT","139","38","U_SLD_T_BeDis","Q","FMS_Price_Total","-1","SELECT CAST($[$38.11.NUMBER] AS numeric(19,6)) * (CAST($[$38.14.NUMBER] AS numeric(19,6)))","","Y","N","11","","N"
"UPSERT","139","38","U_SLD_T_BeDis","Q","FMS_Price_Total","-1","SELECT CAST($[$38.11.NUMBER] AS numeric(19,6)) * (CAST($[$38.14.NUMBER] AS numeric(19,6)))","","Y","N","14","","N"
"UPSERT","139","38","U_SLD_T_BeDis","Q","FMS_Price_Total","-1","SELECT CAST($[$38.11.NUMBER] AS numeric(19,6)) * (CAST($[$38.14.NUMBER] AS numeric(19,6)))","","Y","N","20","","N"
"UPSERT","141","38","15","Q","FMS_DisAmount","-1","SELECT CASE     WHEN CAST(ISNULL(NULLIF('$[$38.U_SLD_T_BeDis.NUMBER]',''),'0') AS numeric(19,6)) = 0 THEN 0    ELSE         CAST(ISNULL(NULLIF('$[$38.U_SLD_Dis_Sum.NUMBER]',''),'0') AS numeric(19,6))        / NULLIF(CAST(ISNULL(NULLIF('$[$38.U_SLD_T_BeDis.NUMBER]',''),'0') AS numeric(19,6)), 0)        * 100END","","Y","N","U_SLD_T_BeDis","","N"
"UPSERT","141","38","15","Q","FMS_DisAmount","-1","SELECT CASE     WHEN CAST(ISNULL(NULLIF('$[$38.U_SLD_T_BeDis.NUMBER]',''),'0') AS numeric(19,6)) = 0 THEN 0    ELSE         CAST(ISNULL(NULLIF('$[$38.U_SLD_Dis_Sum.NUMBER]',''),'0') AS numeric(19,6))        / NULLIF(CAST(ISNULL(NULLIF('$[$38.U_SLD_T_BeDis.NUMBER]',''),'0') AS numeric(19,6)), 0)        * 100END","","Y","N","U_SLD_Dis_Sum","","N"
"UPSERT","141","38","20","F","","","","","N","C","","","N"
"UPSERT","141","38","21","F","","","","","N","N","","","N"
"UPSERT","141","38","U_SLD_Dis_Amount","Q","FMS_ToUnit","-1","SELECT CASE     WHEN CAST(ISNULL(NULLIF('$[$38.11.NUMBER]',''),'0') AS numeric(19,6)) = 0 THEN 0    ELSE         CAST(ISNULL(NULLIF('$[$38.U_SLD_Dis_Sum.NUMBER]',''),'0') AS numeric(19,6))        / NULLIF(CAST(ISNULL(NULLIF('$[$38.11.NUMBER]',''),'0') AS numeric(19,6)), 0)END","","Y","N","U_SLD_Dis_Sum","","N"
"UPSERT","141","38","U_SLD_Dis_Amount","Q","FMS_ToUnit","-1","SELECT CASE     WHEN CAST(ISNULL(NULLIF('$[$38.11.NUMBER]',''),'0') AS numeric(19,6)) = 0 THEN 0    ELSE         CAST(ISNULL(NULLIF('$[$38.U_SLD_Dis_Sum.NUMBER]',''),'0') AS numeric(19,6))        / NULLIF(CAST(ISNULL(NULLIF('$[$38.11.NUMBER]',''),'0') AS numeric(19,6)), 0)END","","Y","N","11","","N"
"UPSERT","141","38","U_SLD_Dis_Sum","Q","FMS_ToSum","-1","SELECT     CAST(ISNULL(NULLIF('$[$38.U_SLD_Dis_Amount.NUMBER]',''),'0') AS numeric(19,6))    * CAST(ISNULL(NULLIF('$[$38.11.NUMBER]',''),'0') AS numeric(19,6))","","Y","N","U_SLD_Dis_Amount","","N"
"UPSERT","141","38","U_SLD_Dis_Sum","Q","FMS_ToSum","-1","SELECT     CAST(ISNULL(NULLIF('$[$38.U_SLD_Dis_Amount.NUMBER]',''),'0') AS numeric(19,6))    * CAST(ISNULL(NULLIF('$[$38.11.NUMBER]',''),'0') AS numeric(19,6))","","Y","N","11","","N"
"UPSERT","141","38","U_SLD_T_BeDis","Q","FMS_Price_Total","-1","SELECT CAST($[$38.11.NUMBER] AS numeric(19,6)) * (CAST($[$38.14.NUMBER] AS numeric(19,6)))","","Y","N","11","","N"
"UPSERT","141","38","U_SLD_T_BeDis","Q","FMS_Price_Total","-1","SELECT CAST($[$38.11.NUMBER] AS numeric(19,6)) * (CAST($[$38.14.NUMBER] AS numeric(19,6)))","","Y","N","14","","N"
"UPSERT","141","38","U_SLD_T_BeDis","Q","FMS_Price_Total","-1","SELECT CAST($[$38.11.NUMBER] AS numeric(19,6)) * (CAST($[$38.14.NUMBER] AS numeric(19,6)))","","Y","N","20","","N"
"UPSERT","178","38","15","Q","FMS_DisAmount","-1","SELECT CASE     WHEN CAST(ISNULL(NULLIF('$[$38.U_SLD_T_BeDis.NUMBER]',''),'0') AS numeric(19,6)) = 0 THEN 0    ELSE         CAST(ISNULL(NULLIF('$[$38.U_SLD_Dis_Sum.NUMBER]',''),'0') AS numeric(19,6))        / NULLIF(CAST(ISNULL(NULLIF('$[$38.U_SLD_T_BeDis.NUMBER]',''),'0') AS numeric(19,6)), 0)        * 100END","","Y","N","U_SLD_T_BeDis","","N"
"UPSERT","178","38","15","Q","FMS_DisAmount","-1","SELECT CASE     WHEN CAST(ISNULL(NULLIF('$[$38.U_SLD_T_BeDis.NUMBER]',''),'0') AS numeric(19,6)) = 0 THEN 0    ELSE         CAST(ISNULL(NULLIF('$[$38.U_SLD_Dis_Sum.NUMBER]',''),'0') AS numeric(19,6))        / NULLIF(CAST(ISNULL(NULLIF('$[$38.U_SLD_T_BeDis.NUMBER]',''),'0') AS numeric(19,6)), 0)        * 100END","","Y","N","U_SLD_Dis_Sum","","N"
"UPSERT","178","38","20","F","","","","","N","C","","","N"
"UPSERT","178","38","21","F","","","","","N","N","","","N"
"UPSERT","178","38","U_SLD_Dis_Amount","Q","FMS_ToUnit","-1","SELECT CASE     WHEN CAST(ISNULL(NULLIF('$[$38.11.NUMBER]',''),'0') AS numeric(19,6)) = 0 THEN 0    ELSE         CAST(ISNULL(NULLIF('$[$38.U_SLD_Dis_Sum.NUMBER]',''),'0') AS numeric(19,6))        / NULLIF(CAST(ISNULL(NULLIF('$[$38.11.NUMBER]',''),'0') AS numeric(19,6)), 0)END","","Y","N","U_SLD_Dis_Sum","","N"
"UPSERT","178","38","U_SLD_Dis_Amount","Q","FMS_ToUnit","-1","SELECT CASE     WHEN CAST(ISNULL(NULLIF('$[$38.11.NUMBER]',''),'0') AS numeric(19,6)) = 0 THEN 0    ELSE         CAST(ISNULL(NULLIF('$[$38.U_SLD_Dis_Sum.NUMBER]',''),'0') AS numeric(19,6))        / NULLIF(CAST(ISNULL(NULLIF('$[$38.11.NUMBER]',''),'0') AS numeric(19,6)), 0)END","","Y","N","11","","N"
"UPSERT","178","38","U_SLD_Dis_Sum","Q","FMS_ToSum","-1","SELECT     CAST(ISNULL(NULLIF('$[$38.U_SLD_Dis_Amount.NUMBER]',''),'0') AS numeric(19,6))    * CAST(ISNULL(NULLIF('$[$38.11.NUMBER]',''),'0') AS numeric(19,6))","","Y","N","U_SLD_Dis_Amount","","N"
"UPSERT","178","38","U_SLD_Dis_Sum","Q","FMS_ToSum","-1","SELECT     CAST(ISNULL(NULLIF('$[$38.U_SLD_Dis_Amount.NUMBER]',''),'0') AS numeric(19,6))    * CAST(ISNULL(NULLIF('$[$38.11.NUMBER]',''),'0') AS numeric(19,6))","","Y","N","11","","N"
"UPSERT","178","38","U_SLD_T_BeDis","Q","FMS_Price_Total","-1","SELECT CAST($[$38.11.NUMBER] AS numeric(19,6)) * (CAST($[$38.14.NUMBER] AS numeric(19,6)))","","Y","N","11","","N"
"UPSERT","178","38","U_SLD_T_BeDis","Q","FMS_Price_Total","-1","SELECT CAST($[$38.11.NUMBER] AS numeric(19,6)) * (CAST($[$38.14.NUMBER] AS numeric(19,6)))","","Y","N","14","","N"
"UPSERT","178","38","U_SLD_T_BeDis","Q","FMS_Price_Total","-1","SELECT CAST($[$38.11.NUMBER] AS numeric(19,6)) * (CAST($[$38.14.NUMBER] AS numeric(19,6)))","","Y","N","20","","N"
"UPSERT","133","38","15","Q","FMS_DisAmount","-1","SELECT CASE     WHEN CAST(ISNULL(NULLIF('$[$38.U_SLD_T_BeDis.NUMBER]',''),'0') AS numeric(19,6)) = 0 THEN 0    ELSE         CAST(ISNULL(NULLIF('$[$38.U_SLD_Dis_Sum.NUMBER]',''),'0') AS numeric(19,6))        / NULLIF(CAST(ISNULL(NULLIF('$[$38.U_SLD_T_BeDis.NUMBER]',''),'0') AS numeric(19,6)), 0)        * 100END","","Y","N","U_SLD_T_BeDis","","N"
"UPSERT","133","38","15","Q","FMS_DisAmount","-1","SELECT CASE     WHEN CAST(ISNULL(NULLIF('$[$38.U_SLD_T_BeDis.NUMBER]',''),'0') AS numeric(19,6)) = 0 THEN 0    ELSE         CAST(ISNULL(NULLIF('$[$38.U_SLD_Dis_Sum.NUMBER]',''),'0') AS numeric(19,6))        / NULLIF(CAST(ISNULL(NULLIF('$[$38.U_SLD_T_BeDis.NUMBER]',''),'0') AS numeric(19,6)), 0)        * 100END","","Y","N","U_SLD_Dis_Sum","","N"
"UPSERT","133","38","20","F","","","","","N","C","","","N"
"UPSERT","133","38","21","F","","","","","N","N","","","N"
"UPSERT","133","38","U_SLD_Dis_Amount","Q","FMS_ToUnit","-1","SELECT CASE     WHEN CAST(ISNULL(NULLIF('$[$38.11.NUMBER]',''),'0') AS numeric(19,6)) = 0 THEN 0    ELSE         CAST(ISNULL(NULLIF('$[$38.U_SLD_Dis_Sum.NUMBER]',''),'0') AS numeric(19,6))        / NULLIF(CAST(ISNULL(NULLIF('$[$38.11.NUMBER]',''),'0') AS numeric(19,6)), 0)END","","Y","N","U_SLD_Dis_Sum","","N"
"UPSERT","133","38","U_SLD_Dis_Amount","Q","FMS_ToUnit","-1","SELECT CASE     WHEN CAST(ISNULL(NULLIF('$[$38.11.NUMBER]',''),'0') AS numeric(19,6)) = 0 THEN 0    ELSE         CAST(ISNULL(NULLIF('$[$38.U_SLD_Dis_Sum.NUMBER]',''),'0') AS numeric(19,6))        / NULLIF(CAST(ISNULL(NULLIF('$[$38.11.NUMBER]',''),'0') AS numeric(19,6)), 0)END","","Y","N","11","","N"
"UPSERT","133","38","U_SLD_Dis_Sum","Q","FMS_ToSum","-1","SELECT     CAST(ISNULL(NULLIF('$[$38.U_SLD_Dis_Amount.NUMBER]',''),'0') AS numeric(19,6))    * CAST(ISNULL(NULLIF('$[$38.11.NUMBER]',''),'0') AS numeric(19,6))","","Y","N","U_SLD_Dis_Amount","","N"
"UPSERT","133","38","U_SLD_Dis_Sum","Q","FMS_ToSum","-1","SELECT     CAST(ISNULL(NULLIF('$[$38.U_SLD_Dis_Amount.NUMBER]',''),'0') AS numeric(19,6))    * CAST(ISNULL(NULLIF('$[$38.11.NUMBER]',''),'0') AS numeric(19,6))","","Y","N","11","","N"
"UPSERT","133","38","U_SLD_T_BeDis","Q","FMS_Price_Total","-1","SELECT CAST($[$38.11.NUMBER] AS numeric(19,6)) * (CAST($[$38.14.NUMBER] AS numeric(19,6)))","","Y","N","11","","N"
"UPSERT","133","38","U_SLD_T_BeDis","Q","FMS_Price_Total","-1","SELECT CAST($[$38.11.NUMBER] AS numeric(19,6)) * (CAST($[$38.14.NUMBER] AS numeric(19,6)))","","Y","N","14","","N"
"UPSERT","133","38","U_SLD_T_BeDis","Q","FMS_Price_Total","-1","SELECT CAST($[$38.11.NUMBER] AS numeric(19,6)) * (CAST($[$38.14.NUMBER] AS numeric(19,6)))","","Y","N","20","","N"
"UPSERT","179","38","15","Q","FMS_DisAmount","-1","SELECT CASE     WHEN CAST(ISNULL(NULLIF('$[$38.U_SLD_T_BeDis.NUMBER]',''),'0') AS numeric(19,6)) = 0 THEN 0    ELSE         CAST(ISNULL(NULLIF('$[$38.U_SLD_Dis_Sum.NUMBER]',''),'0') AS numeric(19,6))        / NULLIF(CAST(ISNULL(NULLIF('$[$38.U_SLD_T_BeDis.NUMBER]',''),'0') AS numeric(19,6)), 0)        * 100END","","Y","N","U_SLD_T_BeDis","","N"
"UPSERT","179","38","15","Q","FMS_DisAmount","-1","SELECT CASE     WHEN CAST(ISNULL(NULLIF('$[$38.U_SLD_T_BeDis.NUMBER]',''),'0') AS numeric(19,6)) = 0 THEN 0    ELSE         CAST(ISNULL(NULLIF('$[$38.U_SLD_Dis_Sum.NUMBER]',''),'0') AS numeric(19,6))        / NULLIF(CAST(ISNULL(NULLIF('$[$38.U_SLD_T_BeDis.NUMBER]',''),'0') AS numeric(19,6)), 0)        * 100END","","Y","N","U_SLD_Dis_Sum","","N"
"UPSERT","179","38","20","F","","","","","N","C","","","N"
"UPSERT","179","38","21","F","","","","","N","N","","","N"
"UPSERT","179","38","U_SLD_Dis_Amount","Q","FMS_ToUnit","-1","SELECT CASE     WHEN CAST(ISNULL(NULLIF('$[$38.11.NUMBER]',''),'0') AS numeric(19,6)) = 0 THEN 0    ELSE         CAST(ISNULL(NULLIF('$[$38.U_SLD_Dis_Sum.NUMBER]',''),'0') AS numeric(19,6))        / NULLIF(CAST(ISNULL(NULLIF('$[$38.11.NUMBER]',''),'0') AS numeric(19,6)), 0)END","","Y","N","U_SLD_Dis_Sum","","N"
"UPSERT","179","38","U_SLD_Dis_Amount","Q","FMS_ToUnit","-1","SELECT CASE     WHEN CAST(ISNULL(NULLIF('$[$38.11.NUMBER]',''),'0') AS numeric(19,6)) = 0 THEN 0    ELSE         CAST(ISNULL(NULLIF('$[$38.U_SLD_Dis_Sum.NUMBER]',''),'0') AS numeric(19,6))        / NULLIF(CAST(ISNULL(NULLIF('$[$38.11.NUMBER]',''),'0') AS numeric(19,6)), 0)END","","Y","N","11","","N"
"UPSERT","179","38","U_SLD_Dis_Sum","Q","FMS_ToSum","-1","SELECT     CAST(ISNULL(NULLIF('$[$38.U_SLD_Dis_Amount.NUMBER]',''),'0') AS numeric(19,6))    * CAST(ISNULL(NULLIF('$[$38.11.NUMBER]',''),'0') AS numeric(19,6))","","Y","N","U_SLD_Dis_Amount","","N"
"UPSERT","179","38","U_SLD_Dis_Sum","Q","FMS_ToSum","-1","SELECT     CAST(ISNULL(NULLIF('$[$38.U_SLD_Dis_Amount.NUMBER]',''),'0') AS numeric(19,6))    * CAST(ISNULL(NULLIF('$[$38.11.NUMBER]',''),'0') AS numeric(19,6))","","Y","N","11","","N"
"UPSERT","179","38","U_SLD_T_BeDis","Q","FMS_Price_Total","-1","SELECT CAST($[$38.11.NUMBER] AS numeric(19,6)) * (CAST($[$38.14.NUMBER] AS numeric(19,6)))","","Y","N","11","","N"
"UPSERT","179","38","U_SLD_T_BeDis","Q","FMS_Price_Total","-1","SELECT CAST($[$38.11.NUMBER] AS numeric(19,6)) * (CAST($[$38.14.NUMBER] AS numeric(19,6)))","","Y","N","14","","N"
"UPSERT","179","38","U_SLD_T_BeDis","Q","FMS_Price_Total","-1","SELECT CAST($[$38.11.NUMBER] AS numeric(19,6)) * (CAST($[$38.14.NUMBER] AS numeric(19,6)))","","Y","N","20","","N"
"UPSERT","149","38","15","Q","FMS_DisAmount","-1","SELECT CASE     WHEN CAST(ISNULL(NULLIF('$[$38.U_SLD_T_BeDis.NUMBER]',''),'0') AS numeric(19,6)) = 0 THEN 0    ELSE         CAST(ISNULL(NULLIF('$[$38.U_SLD_Dis_Sum.NUMBER]',''),'0') AS numeric(19,6))        / NULLIF(CAST(ISNULL(NULLIF('$[$38.U_SLD_T_BeDis.NUMBER]',''),'0') AS numeric(19,6)), 0)        * 100END","","Y","N","U_SLD_T_BeDis","","N"
"UPSERT","149","38","15","Q","FMS_DisAmount","-1","SELECT CASE     WHEN CAST(ISNULL(NULLIF('$[$38.U_SLD_T_BeDis.NUMBER]',''),'0') AS numeric(19,6)) = 0 THEN 0    ELSE         CAST(ISNULL(NULLIF('$[$38.U_SLD_Dis_Sum.NUMBER]',''),'0') AS numeric(19,6))        / NULLIF(CAST(ISNULL(NULLIF('$[$38.U_SLD_T_BeDis.NUMBER]',''),'0') AS numeric(19,6)), 0)        * 100END","","Y","N","U_SLD_Dis_Sum","","N"
"UPSERT","149","38","20","F","","","","","N","C","","","N"
"UPSERT","149","38","21","F","","","","","N","N","","","N"
"UPSERT","149","38","U_SLD_Dis_Amount","Q","FMS_ToUnit","-1","SELECT CASE     WHEN CAST(ISNULL(NULLIF('$[$38.11.NUMBER]',''),'0') AS numeric(19,6)) = 0 THEN 0    ELSE         CAST(ISNULL(NULLIF('$[$38.U_SLD_Dis_Sum.NUMBER]',''),'0') AS numeric(19,6))        / NULLIF(CAST(ISNULL(NULLIF('$[$38.11.NUMBER]',''),'0') AS numeric(19,6)), 0)END","","Y","N","U_SLD_Dis_Sum","","N"
"UPSERT","149","38","U_SLD_Dis_Amount","Q","FMS_ToUnit","-1","SELECT CASE     WHEN CAST(ISNULL(NULLIF('$[$38.11.NUMBER]',''),'0') AS numeric(19,6)) = 0 THEN 0    ELSE         CAST(ISNULL(NULLIF('$[$38.U_SLD_Dis_Sum.NUMBER]',''),'0') AS numeric(19,6))        / NULLIF(CAST(ISNULL(NULLIF('$[$38.11.NUMBER]',''),'0') AS numeric(19,6)), 0)END","","Y","N","11","","N"
"UPSERT","149","38","U_SLD_Dis_Sum","Q","FMS_ToSum","-1","SELECT     CAST(ISNULL(NULLIF('$[$38.U_SLD_Dis_Amount.NUMBER]',''),'0') AS numeric(19,6))    * CAST(ISNULL(NULLIF('$[$38.11.NUMBER]',''),'0') AS numeric(19,6))","","Y","N","U_SLD_Dis_Amount","","N"
"UPSERT","149","38","U_SLD_Dis_Sum","Q","FMS_ToSum","-1","SELECT     CAST(ISNULL(NULLIF('$[$38.U_SLD_Dis_Amount.NUMBER]',''),'0') AS numeric(19,6))    * CAST(ISNULL(NULLIF('$[$38.11.NUMBER]',''),'0') AS numeric(19,6))","","Y","N","11","","N"
"UPSERT","149","38","U_SLD_T_BeDis","Q","FMS_Price_Total","-1","SELECT CAST($[$38.11.NUMBER] AS numeric(19,6)) * (CAST($[$38.14.NUMBER] AS numeric(19,6)))","","Y","N","11","","N"
"UPSERT","149","38","U_SLD_T_BeDis","Q","FMS_Price_Total","-1","SELECT CAST($[$38.11.NUMBER] AS numeric(19,6)) * (CAST($[$38.14.NUMBER] AS numeric(19,6)))","","Y","N","14","","N"
"UPSERT","149","38","U_SLD_T_BeDis","Q","FMS_Price_Total","-1","SELECT CAST($[$38.11.NUMBER] AS numeric(19,6)) * (CAST($[$38.14.NUMBER] AS numeric(19,6)))","","Y","N","20","","N"
"UPSERT","540000405","38","15","Q","FMS_DisAmount","-1","SELECT CASE     WHEN CAST(ISNULL(NULLIF('$[$38.U_SLD_T_BeDis.NUMBER]',''),'0') AS numeric(19,6)) = 0 THEN 0    ELSE         CAST(ISNULL(NULLIF('$[$38.U_SLD_Dis_Sum.NUMBER]',''),'0') AS numeric(19,6))        / NULLIF(CAST(ISNULL(NULLIF('$[$38.U_SLD_T_BeDis.NUMBER]',''),'0') AS numeric(19,6)), 0)        * 100END","","Y","N","U_SLD_T_BeDis","","N"
"UPSERT","540000405","38","15","Q","FMS_DisAmount","-1","SELECT CASE     WHEN CAST(ISNULL(NULLIF('$[$38.U_SLD_T_BeDis.NUMBER]',''),'0') AS numeric(19,6)) = 0 THEN 0    ELSE         CAST(ISNULL(NULLIF('$[$38.U_SLD_Dis_Sum.NUMBER]',''),'0') AS numeric(19,6))        / NULLIF(CAST(ISNULL(NULLIF('$[$38.U_SLD_T_BeDis.NUMBER]',''),'0') AS numeric(19,6)), 0)        * 100END","","Y","N","U_SLD_Dis_Sum","","N"
"UPSERT","540000405","38","20","F","","","","","N","C","","","N"
"UPSERT","540000405","38","21","F","","","","","N","N","","","N"
"UPSERT","540000405","38","U_SLD_Dis_Amount","Q","FMS_ToUnit","-1","SELECT CASE     WHEN CAST(ISNULL(NULLIF('$[$38.11.NUMBER]',''),'0') AS numeric(19,6)) = 0 THEN 0    ELSE         CAST(ISNULL(NULLIF('$[$38.U_SLD_Dis_Sum.NUMBER]',''),'0') AS numeric(19,6))        / NULLIF(CAST(ISNULL(NULLIF('$[$38.11.NUMBER]',''),'0') AS numeric(19,6)), 0)END","","Y","N","U_SLD_Dis_Sum","","N"
"UPSERT","540000405","38","U_SLD_Dis_Amount","Q","FMS_ToUnit","-1","SELECT CASE     WHEN CAST(ISNULL(NULLIF('$[$38.11.NUMBER]',''),'0') AS numeric(19,6)) = 0 THEN 0    ELSE         CAST(ISNULL(NULLIF('$[$38.U_SLD_Dis_Sum.NUMBER]',''),'0') AS numeric(19,6))        / NULLIF(CAST(ISNULL(NULLIF('$[$38.11.NUMBER]',''),'0') AS numeric(19,6)), 0)END","","Y","N","11","","N"
"UPSERT","540000405","38","U_SLD_Dis_Sum","Q","FMS_ToSum","-1","SELECT     CAST(ISNULL(NULLIF('$[$38.U_SLD_Dis_Amount.NUMBER]',''),'0') AS numeric(19,6))    * CAST(ISNULL(NULLIF('$[$38.11.NUMBER]',''),'0') AS numeric(19,6))","","Y","N","U_SLD_Dis_Amount","","N"
"UPSERT","540000405","38","U_SLD_Dis_Sum","Q","FMS_ToSum","-1","SELECT     CAST(ISNULL(NULLIF('$[$38.U_SLD_Dis_Amount.NUMBER]',''),'0') AS numeric(19,6))    * CAST(ISNULL(NULLIF('$[$38.11.NUMBER]',''),'0') AS numeric(19,6))","","Y","N","11","","N"
"UPSERT","540000405","38","U_SLD_T_BeDis","Q","FMS_Price_Total","-1","SELECT CAST($[$38.11.NUMBER] AS numeric(19,6)) * (CAST($[$38.14.NUMBER] AS numeric(19,6)))","","Y","N","11","","N"
"UPSERT","540000405","38","U_SLD_T_BeDis","Q","FMS_Price_Total","-1","SELECT CAST($[$38.11.NUMBER] AS numeric(19,6)) * (CAST($[$38.14.NUMBER] AS numeric(19,6)))","","Y","N","14","","N"
"UPSERT","540000405","38","U_SLD_T_BeDis","Q","FMS_Price_Total","-1","SELECT CAST($[$38.11.NUMBER] AS numeric(19,6)) * (CAST($[$38.14.NUMBER] AS numeric(19,6)))","","Y","N","20","","N"
"UPSERT","22","38","15","Q","FMS_DisAmount","-1","SELECT CASE     WHEN CAST(ISNULL(NULLIF('$[$38.U_SLD_T_BeDis.NUMBER]',''),'0') AS numeric(19,6)) = 0 THEN 0    ELSE         CAST(ISNULL(NULLIF('$[$38.U_SLD_Dis_Sum.NUMBER]',''),'0') AS numeric(19,6))        / NULLIF(CAST(ISNULL(NULLIF('$[$38.U_SLD_T_BeDis.NUMBER]',''),'0') AS numeric(19,6)), 0)        * 100END","","Y","N","U_SLD_T_BeDis","","N"
"UPSERT","22","38","15","Q","FMS_DisAmount","-1","SELECT CASE     WHEN CAST(ISNULL(NULLIF('$[$38.U_SLD_T_BeDis.NUMBER]',''),'0') AS numeric(19,6)) = 0 THEN 0    ELSE         CAST(ISNULL(NULLIF('$[$38.U_SLD_Dis_Sum.NUMBER]',''),'0') AS numeric(19,6))        / NULLIF(CAST(ISNULL(NULLIF('$[$38.U_SLD_T_BeDis.NUMBER]',''),'0') AS numeric(19,6)), 0)        * 100END","","Y","N","U_SLD_Dis_Sum","","N"
"UPSERT","22","38","20","F","","","","","N","C","","","N"
"UPSERT","22","38","21","F","","","","","N","N","","","N"
"UPSERT","22","38","U_SLD_Dis_Amount","Q","FMS_ToUnit","-1","SELECT CASE     WHEN CAST(ISNULL(NULLIF('$[$38.11.NUMBER]',''),'0') AS numeric(19,6)) = 0 THEN 0    ELSE         CAST(ISNULL(NULLIF('$[$38.U_SLD_Dis_Sum.NUMBER]',''),'0') AS numeric(19,6))        / NULLIF(CAST(ISNULL(NULLIF('$[$38.11.NUMBER]',''),'0') AS numeric(19,6)), 0)END","","Y","N","U_SLD_Dis_Sum","","N"
"UPSERT","22","38","U_SLD_Dis_Amount","Q","FMS_ToUnit","-1","SELECT CASE     WHEN CAST(ISNULL(NULLIF('$[$38.11.NUMBER]',''),'0') AS numeric(19,6)) = 0 THEN 0    ELSE         CAST(ISNULL(NULLIF('$[$38.U_SLD_Dis_Sum.NUMBER]',''),'0') AS numeric(19,6))        / NULLIF(CAST(ISNULL(NULLIF('$[$38.11.NUMBER]',''),'0') AS numeric(19,6)), 0)END","","Y","N","11","","N"
"UPSERT","22","38","U_SLD_Dis_Sum","Q","FMS_ToSum","-1","SELECT     CAST(ISNULL(NULLIF('$[$38.U_SLD_Dis_Amount.NUMBER]',''),'0') AS numeric(19,6))    * CAST(ISNULL(NULLIF('$[$38.11.NUMBER]',''),'0') AS numeric(19,6))","","Y","N","U_SLD_Dis_Amount","","N"
"UPSERT","22","38","U_SLD_Dis_Sum","Q","FMS_ToSum","-1","SELECT     CAST(ISNULL(NULLIF('$[$38.U_SLD_Dis_Amount.NUMBER]',''),'0') AS numeric(19,6))    * CAST(ISNULL(NULLIF('$[$38.11.NUMBER]',''),'0') AS numeric(19,6))","","Y","N","11","","N"
"UPSERT","22","38","U_SLD_T_BeDis","Q","FMS_Price_Total","-1","SELECT CAST($[$38.11.NUMBER] AS numeric(19,6)) * (CAST($[$38.14.NUMBER] AS numeric(19,6)))","","Y","N","11","","N"
"UPSERT","22","38","U_SLD_T_BeDis","Q","FMS_Price_Total","-1","SELECT CAST($[$38.11.NUMBER] AS numeric(19,6)) * (CAST($[$38.14.NUMBER] AS numeric(19,6)))","","Y","N","14","","N"
"UPSERT","22","38","U_SLD_T_BeDis","Q","FMS_Price_Total","-1","SELECT CAST($[$38.11.NUMBER] AS numeric(19,6)) * (CAST($[$38.14.NUMBER] AS numeric(19,6)))","","Y","N","20","","N"
"UPSERT","20","38","15","Q","FMS_DisAmount","-1","SELECT CASE     WHEN CAST(ISNULL(NULLIF('$[$38.U_SLD_T_BeDis.NUMBER]',''),'0') AS numeric(19,6)) = 0 THEN 0    ELSE         CAST(ISNULL(NULLIF('$[$38.U_SLD_Dis_Sum.NUMBER]',''),'0') AS numeric(19,6))        / NULLIF(CAST(ISNULL(NULLIF('$[$38.U_SLD_T_BeDis.NUMBER]',''),'0') AS numeric(19,6)), 0)        * 100END","","Y","N","U_SLD_T_BeDis","","N"
"UPSERT","20","38","15","Q","FMS_DisAmount","-1","SELECT CASE     WHEN CAST(ISNULL(NULLIF('$[$38.U_SLD_T_BeDis.NUMBER]',''),'0') AS numeric(19,6)) = 0 THEN 0    ELSE         CAST(ISNULL(NULLIF('$[$38.U_SLD_Dis_Sum.NUMBER]',''),'0') AS numeric(19,6))        / NULLIF(CAST(ISNULL(NULLIF('$[$38.U_SLD_T_BeDis.NUMBER]',''),'0') AS numeric(19,6)), 0)        * 100END","","Y","N","U_SLD_Dis_Sum","","N"
"UPSERT","20","38","20","F","","","","","N","C","","","N"
"UPSERT","20","38","21","F","","","","","N","N","","","N"
"UPSERT","20","38","U_SLD_Dis_Amount","Q","FMS_ToUnit","-1","SELECT CASE     WHEN CAST(ISNULL(NULLIF('$[$38.11.NUMBER]',''),'0') AS numeric(19,6)) = 0 THEN 0    ELSE         CAST(ISNULL(NULLIF('$[$38.U_SLD_Dis_Sum.NUMBER]',''),'0') AS numeric(19,6))        / NULLIF(CAST(ISNULL(NULLIF('$[$38.11.NUMBER]',''),'0') AS numeric(19,6)), 0)END","","Y","N","U_SLD_Dis_Sum","","N"
"UPSERT","20","38","U_SLD_Dis_Amount","Q","FMS_ToUnit","-1","SELECT CASE     WHEN CAST(ISNULL(NULLIF('$[$38.11.NUMBER]',''),'0') AS numeric(19,6)) = 0 THEN 0    ELSE         CAST(ISNULL(NULLIF('$[$38.U_SLD_Dis_Sum.NUMBER]',''),'0') AS numeric(19,6))        / NULLIF(CAST(ISNULL(NULLIF('$[$38.11.NUMBER]',''),'0') AS numeric(19,6)), 0)END","","Y","N","11","","N"
"UPSERT","20","38","U_SLD_Dis_Sum","Q","FMS_ToSum","-1","SELECT     CAST(ISNULL(NULLIF('$[$38.U_SLD_Dis_Amount.NUMBER]',''),'0') AS numeric(19,6))    * CAST(ISNULL(NULLIF('$[$38.11.NUMBER]',''),'0') AS numeric(19,6))","","Y","N","U_SLD_Dis_Amount","","N"
"UPSERT","20","38","U_SLD_Dis_Sum","Q","FMS_ToSum","-1","SELECT     CAST(ISNULL(NULLIF('$[$38.U_SLD_Dis_Amount.NUMBER]',''),'0') AS numeric(19,6))    * CAST(ISNULL(NULLIF('$[$38.11.NUMBER]',''),'0') AS numeric(19,6))","","Y","N","11","","N"
"UPSERT","20","38","U_SLD_T_BeDis","Q","FMS_Price_Total","-1","SELECT CAST($[$38.11.NUMBER] AS numeric(19,6)) * (CAST($[$38.14.NUMBER] AS numeric(19,6)))","","Y","N","11","","N"
"UPSERT","20","38","U_SLD_T_BeDis","Q","FMS_Price_Total","-1","SELECT CAST($[$38.11.NUMBER] AS numeric(19,6)) * (CAST($[$38.14.NUMBER] AS numeric(19,6)))","","Y","N","14","","N"
"UPSERT","20","38","U_SLD_T_BeDis","Q","FMS_Price_Total","-1","SELECT CAST($[$38.11.NUMBER] AS numeric(19,6)) * (CAST($[$38.14.NUMBER] AS numeric(19,6)))","","Y","N","20","","N"
"UPSERT","21","38","15","Q","FMS_DisAmount","-1","SELECT CASE     WHEN CAST(ISNULL(NULLIF('$[$38.U_SLD_T_BeDis.NUMBER]',''),'0') AS numeric(19,6)) = 0 THEN 0    ELSE         CAST(ISNULL(NULLIF('$[$38.U_SLD_Dis_Sum.NUMBER]',''),'0') AS numeric(19,6))        / NULLIF(CAST(ISNULL(NULLIF('$[$38.U_SLD_T_BeDis.NUMBER]',''),'0') AS numeric(19,6)), 0)        * 100END","","Y","N","U_SLD_T_BeDis","","N"
"UPSERT","21","38","15","Q","FMS_DisAmount","-1","SELECT CASE     WHEN CAST(ISNULL(NULLIF('$[$38.U_SLD_T_BeDis.NUMBER]',''),'0') AS numeric(19,6)) = 0 THEN 0    ELSE         CAST(ISNULL(NULLIF('$[$38.U_SLD_Dis_Sum.NUMBER]',''),'0') AS numeric(19,6))        / NULLIF(CAST(ISNULL(NULLIF('$[$38.U_SLD_T_BeDis.NUMBER]',''),'0') AS numeric(19,6)), 0)        * 100END","","Y","N","U_SLD_Dis_Sum","","N"
"UPSERT","21","38","20","F","","","","","N","C","","","N"
"UPSERT","21","38","21","F","","","","","N","N","","","N"
"UPSERT","21","38","U_SLD_Dis_Amount","Q","FMS_ToUnit","-1","SELECT CASE     WHEN CAST(ISNULL(NULLIF('$[$38.11.NUMBER]',''),'0') AS numeric(19,6)) = 0 THEN 0    ELSE         CAST(ISNULL(NULLIF('$[$38.U_SLD_Dis_Sum.NUMBER]',''),'0') AS numeric(19,6))        / NULLIF(CAST(ISNULL(NULLIF('$[$38.11.NUMBER]',''),'0') AS numeric(19,6)), 0)END","","Y","N","U_SLD_Dis_Sum","","N"
"UPSERT","21","38","U_SLD_Dis_Amount","Q","FMS_ToUnit","-1","SELECT CASE     WHEN CAST(ISNULL(NULLIF('$[$38.11.NUMBER]',''),'0') AS numeric(19,6)) = 0 THEN 0    ELSE         CAST(ISNULL(NULLIF('$[$38.U_SLD_Dis_Sum.NUMBER]',''),'0') AS numeric(19,6))        / NULLIF(CAST(ISNULL(NULLIF('$[$38.11.NUMBER]',''),'0') AS numeric(19,6)), 0)END","","Y","N","11","","N"
"UPSERT","21","38","U_SLD_Dis_Sum","Q","FMS_ToSum","-1","SELECT     CAST(ISNULL(NULLIF('$[$38.U_SLD_Dis_Amount.NUMBER]',''),'0') AS numeric(19,6))    * CAST(ISNULL(NULLIF('$[$38.11.NUMBER]',''),'0') AS numeric(19,6))","","Y","N","U_SLD_Dis_Amount","","N"
"UPSERT","21","38","U_SLD_Dis_Sum","Q","FMS_ToSum","-1","SELECT     CAST(ISNULL(NULLIF('$[$38.U_SLD_Dis_Amount.NUMBER]',''),'0') AS numeric(19,6))    * CAST(ISNULL(NULLIF('$[$38.11.NUMBER]',''),'0') AS numeric(19,6))","","Y","N","11","","N"
"UPSERT","21","38","U_SLD_T_BeDis","Q","FMS_Price_Total","-1","SELECT CAST($[$38.11.NUMBER] AS numeric(19,6)) * (CAST($[$38.14.NUMBER] AS numeric(19,6)))","","Y","N","11","","N"
"UPSERT","21","38","U_SLD_T_BeDis","Q","FMS_Price_Total","-1","SELECT CAST($[$38.11.NUMBER] AS numeric(19,6)) * (CAST($[$38.14.NUMBER] AS numeric(19,6)))","","Y","N","14","","N"
"UPSERT","21","38","U_SLD_T_BeDis","Q","FMS_Price_Total","-1","SELECT CAST($[$38.11.NUMBER] AS numeric(19,6)) * (CAST($[$38.14.NUMBER] AS numeric(19,6)))","","Y","N","20","","N"
"UPSERT","18","38","15","Q","FMS_DisAmount","-1","SELECT CASE     WHEN CAST(ISNULL(NULLIF('$[$38.U_SLD_T_BeDis.NUMBER]',''),'0') AS numeric(19,6)) = 0 THEN 0    ELSE         CAST(ISNULL(NULLIF('$[$38.U_SLD_Dis_Sum.NUMBER]',''),'0') AS numeric(19,6))        / NULLIF(CAST(ISNULL(NULLIF('$[$38.U_SLD_T_BeDis.NUMBER]',''),'0') AS numeric(19,6)), 0)        * 100END","","Y","N","U_SLD_T_BeDis","","N"
"UPSERT","18","38","15","Q","FMS_DisAmount","-1","SELECT CASE     WHEN CAST(ISNULL(NULLIF('$[$38.U_SLD_T_BeDis.NUMBER]',''),'0') AS numeric(19,6)) = 0 THEN 0    ELSE         CAST(ISNULL(NULLIF('$[$38.U_SLD_Dis_Sum.NUMBER]',''),'0') AS numeric(19,6))        / NULLIF(CAST(ISNULL(NULLIF('$[$38.U_SLD_T_BeDis.NUMBER]',''),'0') AS numeric(19,6)), 0)        * 100END","","Y","N","U_SLD_Dis_Sum","","N"
"UPSERT","18","38","20","F","","","","","N","C","","","N"
"UPSERT","18","38","21","F","","","","","N","N","","","N"
"UPSERT","18","38","U_SLD_Dis_Amount","Q","FMS_ToUnit","-1","SELECT CASE     WHEN CAST(ISNULL(NULLIF('$[$38.11.NUMBER]',''),'0') AS numeric(19,6)) = 0 THEN 0    ELSE         CAST(ISNULL(NULLIF('$[$38.U_SLD_Dis_Sum.NUMBER]',''),'0') AS numeric(19,6))        / NULLIF(CAST(ISNULL(NULLIF('$[$38.11.NUMBER]',''),'0') AS numeric(19,6)), 0)END","","Y","N","U_SLD_Dis_Sum","","N"
"UPSERT","18","38","U_SLD_Dis_Amount","Q","FMS_ToUnit","-1","SELECT CASE     WHEN CAST(ISNULL(NULLIF('$[$38.11.NUMBER]',''),'0') AS numeric(19,6)) = 0 THEN 0    ELSE         CAST(ISNULL(NULLIF('$[$38.U_SLD_Dis_Sum.NUMBER]',''),'0') AS numeric(19,6))        / NULLIF(CAST(ISNULL(NULLIF('$[$38.11.NUMBER]',''),'0') AS numeric(19,6)), 0)END","","Y","N","11","","N"
"UPSERT","18","38","U_SLD_Dis_Sum","Q","FMS_ToSum","-1","SELECT     CAST(ISNULL(NULLIF('$[$38.U_SLD_Dis_Amount.NUMBER]',''),'0') AS numeric(19,6))    * CAST(ISNULL(NULLIF('$[$38.11.NUMBER]',''),'0') AS numeric(19,6))","","Y","N","U_SLD_Dis_Amount","","N"
"UPSERT","18","38","U_SLD_Dis_Sum","Q","FMS_ToSum","-1","SELECT     CAST(ISNULL(NULLIF('$[$38.U_SLD_Dis_Amount.NUMBER]',''),'0') AS numeric(19,6))    * CAST(ISNULL(NULLIF('$[$38.11.NUMBER]',''),'0') AS numeric(19,6))","","Y","N","11","","N"
"UPSERT","18","38","U_SLD_T_BeDis","Q","FMS_Price_Total","-1","SELECT CAST($[$38.11.NUMBER] AS numeric(19,6)) * (CAST($[$38.14.NUMBER] AS numeric(19,6)))","","Y","N","11","","N"
"UPSERT","18","38","U_SLD_T_BeDis","Q","FMS_Price_Total","-1","SELECT CAST($[$38.11.NUMBER] AS numeric(19,6)) * (CAST($[$38.14.NUMBER] AS numeric(19,6)))","","Y","N","14","","N"
"UPSERT","18","38","U_SLD_T_BeDis","Q","FMS_Price_Total","-1","SELECT CAST($[$38.11.NUMBER] AS numeric(19,6)) * (CAST($[$38.14.NUMBER] AS numeric(19,6)))","","Y","N","20","","N"
"UPSERT","19","38","15","Q","FMS_DisAmount","-1","SELECT CASE     WHEN CAST(ISNULL(NULLIF('$[$38.U_SLD_T_BeDis.NUMBER]',''),'0') AS numeric(19,6)) = 0 THEN 0    ELSE         CAST(ISNULL(NULLIF('$[$38.U_SLD_Dis_Sum.NUMBER]',''),'0') AS numeric(19,6))        / NULLIF(CAST(ISNULL(NULLIF('$[$38.U_SLD_T_BeDis.NUMBER]',''),'0') AS numeric(19,6)), 0)        * 100END","","Y","N","U_SLD_T_BeDis","","N"
"UPSERT","19","38","15","Q","FMS_DisAmount","-1","SELECT CASE     WHEN CAST(ISNULL(NULLIF('$[$38.U_SLD_T_BeDis.NUMBER]',''),'0') AS numeric(19,6)) = 0 THEN 0    ELSE         CAST(ISNULL(NULLIF('$[$38.U_SLD_Dis_Sum.NUMBER]',''),'0') AS numeric(19,6))        / NULLIF(CAST(ISNULL(NULLIF('$[$38.U_SLD_T_BeDis.NUMBER]',''),'0') AS numeric(19,6)), 0)        * 100END","","Y","N","U_SLD_Dis_Sum","","N"
"UPSERT","19","38","20","F","","","","","N","C","","","N"
"UPSERT","19","38","21","F","","","","","N","N","","","N"
"UPSERT","19","38","U_SLD_Dis_Amount","Q","FMS_ToUnit","-1","SELECT CASE     WHEN CAST(ISNULL(NULLIF('$[$38.11.NUMBER]',''),'0') AS numeric(19,6)) = 0 THEN 0    ELSE         CAST(ISNULL(NULLIF('$[$38.U_SLD_Dis_Sum.NUMBER]',''),'0') AS numeric(19,6))        / NULLIF(CAST(ISNULL(NULLIF('$[$38.11.NUMBER]',''),'0') AS numeric(19,6)), 0)END","","Y","N","U_SLD_Dis_Sum","","N"
"UPSERT","19","38","U_SLD_Dis_Amount","Q","FMS_ToUnit","-1","SELECT CASE     WHEN CAST(ISNULL(NULLIF('$[$38.11.NUMBER]',''),'0') AS numeric(19,6)) = 0 THEN 0    ELSE         CAST(ISNULL(NULLIF('$[$38.U_SLD_Dis_Sum.NUMBER]',''),'0') AS numeric(19,6))        / NULLIF(CAST(ISNULL(NULLIF('$[$38.11.NUMBER]',''),'0') AS numeric(19,6)), 0)END","","Y","N","11","","N"
"UPSERT","19","38","U_SLD_Dis_Sum","Q","FMS_ToSum","-1","SELECT     CAST(ISNULL(NULLIF('$[$38.U_SLD_Dis_Amount.NUMBER]',''),'0') AS numeric(19,6))    * CAST(ISNULL(NULLIF('$[$38.11.NUMBER]',''),'0') AS numeric(19,6))","","Y","N","U_SLD_Dis_Amount","","N"
"UPSERT","19","38","U_SLD_Dis_Sum","Q","FMS_ToSum","-1","SELECT     CAST(ISNULL(NULLIF('$[$38.U_SLD_Dis_Amount.NUMBER]',''),'0') AS numeric(19,6))    * CAST(ISNULL(NULLIF('$[$38.11.NUMBER]',''),'0') AS numeric(19,6))","","Y","N","11","","N"
"UPSERT","19","38","U_SLD_T_BeDis","Q","FMS_Price_Total","-1","SELECT CAST($[$38.11.NUMBER] AS numeric(19,6)) * (CAST($[$38.14.NUMBER] AS numeric(19,6)))","","Y","N","11","","N"
"UPSERT","19","38","U_SLD_T_BeDis","Q","FMS_Price_Total","-1","SELECT CAST($[$38.11.NUMBER] AS numeric(19,6)) * (CAST($[$38.14.NUMBER] AS numeric(19,6)))","","Y","N","14","","N"
"UPSERT","19","38","U_SLD_T_BeDis","Q","FMS_Price_Total","-1","SELECT CAST($[$38.11.NUMBER] AS numeric(19,6)) * (CAST($[$38.14.NUMBER] AS numeric(19,6)))","","Y","N","20","","N"
